id,nds.id,nutrient,N,P,Si,top,cr.area,gpp.area,chla,cr.nrr,gpp.nrr,chla.nrr
49,AA1,Si,0,0,1,glass,-0.003955405,1.315073509,0.095811724,,,
50,AA2,NSi,1,0,1,glass,-0.275846162,1.897913149,0.01611041,,,
51,AA3,N,1,0,0,glass,-0.508895383,1.500866329,0.059483986,,,
52,AA4,NP,1,1,0,sponge,-7.461530463,0.634846571,NA,,,
53,AA5,NPSi,1,1,1,glass,-2.645179905,2.567033866,0.588312345,,,
54,AA6,N,1,0,0,glass,-1.260479119,3.630639837,0.547652136,,,
55,AA7,NPSi,1,1,1,glass,-2.188438743,1.796407223,0.492857584,,,
56,AA8,NPSi,1,1,1,sponge,-12.62745485,2.82439804,NA,,,
57,BB1,PSi,0,1,1,sponge,-13.36544405,4.3468507,NA,,,
58,BB2,C,0,0,0,glass,-2.295606074,2.063736633,0.489456172,,,
59,BB3,NSi,1,0,1,glass,-0.487179433,0.940799091,0.057104869,,,
60,BB4,P,0,1,0,sponge,-12.12533971,3.729918271,NA,,,
61,BB5,NPSi,1,1,1,glass,-3.193728335,1.318072409,0.727671992,,,
62,BB6,Si,0,0,1,glass,-0.91249426,1.241024667,0.430895271,,,
63,BB7,Si,0,0,1,glass,-1.130359971,1.365642853,0.38162626,,,
64,BB8,P,0,1,0,glass,-0.989824229,0.573277565,0.138689635,,,
65,CC1,P,0,1,0,glass,-1.995113821,0.119457895,0.234340902,,,
66,CC2,PSi,0,1,1,sponge,-8.60682614,0,NA,,,
67,CC3,PSi,0,1,1,glass,-2.613753571,0,0.878864061,,,
68,CC4,N,1,0,0,sponge,-15.48919335,4.730555549,NA,,,
69,CC5,N,1,0,0,sponge,-10.03743056,1.459107038,NA,,,
70,CC6,C,0,0,0,glass,-2.845743477,2.223943267,1.017444705,,,
71,CC7,NP,1,1,0,sponge,-8.568161156,2.644319912,NA,,,
72,CC8,P,0,1,0,glass,-1.8017889,0.908553143,0.42544225,,,
73,DD1,Si,0,0,1,sponge,-8.800151062,2.746298066,NA,,,
74,DD2,NSi,1,0,1,glass,-1.581870867,1.298405472,0.134560686,,,
75,DD3,N,1,0,0,sponge,-2.043751223,2.521518792,NA,,,
76,DD4,NP,1,1,0,glass,-2.467141549,3.218325793,0.634458327,,,
77,DD5,NP,1,1,0,glass,-10.5885378,3.43690983,0.916338079,,,
78,DD6,C,0,0,0,glass,-2.236201371,3.015711107,0.725683546,,,
79,DD7,PSi,0,1,1,sponge,-9.125916676,1.608239497,NA,,,
80,DD8,P,0,1,0,sponge,-10.74249792,2.018253855,NA,,,
1,U1,NP,1,1,0,sponge,-6.030489808,0.753796064,NA,,,
2,U2,C,0,0,0,glass,-0.32630548,1.771157955,0.049548775,,,
3,U3,Si,0,0,1,glass,-0.002,1.801281498,0.038673146,,,
4,U4,NPSi,1,1,1,sponge,-6.770668996,1.623141644,NA,,,
5,U5,NPSi,1,1,1,sponge,-8.756652955,3.325582384,NA,,,
6,U6,P,0,1,0,sponge,-8.320705256,0.94027506,NA,,,
7,U7,NSi,1,0,1,sponge,-0.381495142,0,NA,,,
8,U8,Si,0,0,1,sponge,-10.02196457,2.778894,NA,,,
9,V1,PSi,0,1,1,glass,-0.781999938,0.181228114,0.01611041,,,
10,V2,Si,0,0,1,sponge,-1.326639204,0.025760667,NA,,,
11,V3,C,0,0,0,sponge,-7.427544119,3.204437382,NA,,,
12,V4,PSi,0,1,1,sponge,-7.047798737,2.217810857,NA,,,
13,V5,NSi,1,0,1,sponge,-4.617428294,1.951768564,NA,,,
14,V6,NP,1,1,0,glass,-0.002,1.312861015,0.107637128,,,
15,V7,NP,1,1,0,glass,-0.002,1.342819665,0.054283616,,,
16,V8,Si,0,0,1,sponge,-5.153158774,0,NA,,,
17,W1,NSi,1,0,1,sponge,-2.292296705,0.446937588,NA,,,
18,W2,Si,0,0,1,glass,-0.002,0.444527198,0.01611041,,,
19,W3,NSi,1,0,1,sponge,-4.007783005,1.2519427,NA,,,
20,W4,PSi,0,1,1,glass,-0.406017799,1.525388641,0.193196447,,,
21,W5,N,1,0,0,glass,-0.423200154,2.423701316,0.054671947,,,
22,W6,NP,1,1,0,sponge,-5.191303602,0.298627595,NA,,,
23,W7,P,0,1,0,sponge,-6.259358774,2.986929729,NA,,,
24,W8,NP,1,1,0,sponge,-5.725331188,0.191307425,NA,,,
25,X1,N,1,0,0,sponge,-8.776917394,1.181027974,NA,,,
26,X2,NP,1,1,0,glass,-0.423200154,0.393125553,0.01611041,,,
27,X3,NPSi,1,1,1,glass,-0.402254557,0.070775747,0.145798914,,,
28,X4,PSi,0,1,1,sponge,-3.741800154,1.032577033,NA,,,
29,X5,NSi,1,0,1,sponge,-4.807300985,0,NA,,,
30,X6,C,0,0,0,sponge,-9.218847559,3.266890444,NA,,,
31,X7,NPSi,1,1,1,sponge,-9.755280675,2.479386354,NA,,,
32,X8,NSi,1,0,1,sponge,-6.297503601,1.160691546,NA,,,
33,Y1,N,1,0,0,glass,-0.346910499,2.331649044,0.207939019,,,
34,Y2,NPSi,1,1,1,glass,-0.461344982,1.749509722,0.262382668,,,
35,Y3,C,0,0,0,sponge,-12.74397946,6.609661499,NA,,,
36,Y4,N,1,0,0,sponge,-9.295480861,3.292534273,NA,,,
37,Y5,C,0,0,0,sponge,-10.26456567,2.586634047,NA,,,
38,Y6,NSi,1,0,1,glass,-0.137801241,0.571167812,0.01611041,,,
39,Y7,NSi,1,0,1,glass,-0.002,0.467080291,0.01611041,,,
40,Y8,PSi,0,1,1,glass,-0.927540363,0.512658942,0.01611041,,,
41,Z1,P,0,1,0,glass,-0.137801241,0.277218574,0.054480121,,,
42,Z2,P,0,1,0,sponge,-10.4240804,1.992267625,NA,,,
43,Z3,Si,0,0,1,glass,-0.465660007,1.252190894,0.130766263,,,
44,Z4,N,1,0,0,glass,-0.865817613,2.234528491,0.082178003,,,
45,Z5,C,0,0,0,sponge,-9.959407049,1.560798932,NA,,,
46,Z6,P,0,1,0,glass,-0.635917706,1.519478591,0.057813692,,,
47,Z7,NPSi,1,1,1,sponge,-10.25339714,2.240344574,NA,,,
48,Z8,PSi,0,1,1,glass,-1.453804041,2.039033886,0.289491034,,,
