id,nds.id,nutrient,N,P,Si,top,cr.area,gpp.area,chla,cr.nrr,chla.nrr,gpp.nrr,site_date,gpp.es,cr.es,chla.es
49,AA1,N,1,0,0,sponge,-14.21280146,2.430484755,NA,0.946107243849185,NA,NA,reec_summer,NA,-0.0553993507645469,NA
50,AA2,C,0,0,0,sponge,-12.93612544,4.994029995,NA,0.86112241985302,NA,NA,reec_summer,NA,-0.149518601324659,NA
51,AA3,NP,1,1,0,sponge,-16.28860703,0,NA,1.08428793202151,NA,NA,reec_summer,NA,0.0809234876927689,NA
54,AA6,Si,0,0,1,sponge,-16.23856999,2.547656962,NA,1.08095710339227,NA,NA,reec_summer,NA,0.0778468555313785,NA
55,AA7,NP,1,1,0,sponge,-15.26832516,2.468311295,NA,1.01637056395782,NA,NA,reec_summer,NA,0.0162380109640344,NA
57,BB1,NSi,1,0,1,sponge,-11.89600641,2.246752696,NA,0.791884546410693,NA,NA,reec_summer,NA,-0.233339672527853,NA
60,BB4,PSi,0,1,1,sponge,-11.44300837,3.110969578,NA,0.761729708302269,NA,NA,reec_summer,NA,-0.272163499735293,NA
62,BB6,NPSi,1,1,1,sponge,-13.35566677,2.014324949,NA,0.889050136462882,NA,NA,reec_summer,NA,-0.11760164858727,NA
63,BB7,PSi,0,1,1,sponge,-8.77535324,3.768335273,NA,0.584151216849505,NA,NA,reec_summer,NA,-0.537595396709783,NA
64,BB8,NP,1,1,0,sponge,-17.12196199,3.802167491,NA,1.13976208794866,NA,NA,reec_summer,NA,0.130819545844744,NA
69,CC5,C,0,0,0,sponge,-18.18282354,6.386742597,NA,1.21038073410374,NA,NA,reec_summer,NA,0.190934966398825,NA
72,CC8,P,0,1,0,sponge,-18.4878253,6.19749471,NA,1.23068386542763,NA,NA,reec_summer,NA,0.207570003032722,NA
74,DD2,NP,1,1,0,sponge,-18.03001582,4.019967279,NA,1.20020874294387,NA,NA,reec_summer,NA,0.182495494119206,NA
76,DD4,P,0,1,0,sponge,-11.96864283,4.915466627,NA,0.796719753834274,NA,NA,reec_summer,NA,-0.227252288332751,NA
78,DD6,Si,0,0,1,sponge,-12.74863726,4.814389296,NA,0.848641845510704,NA,NA,reec_summer,NA,-0.16411803619858,NA
79,DD7,P,0,1,0,sponge,-15.36201753,4.907019377,NA,1.02260740827032,NA,NA,reec_summer,NA,0.0223556481811505,NA
1,U1,Si,0,0,1,sponge,-3.278977008,0,NA,0.218272513579721,NA,NA,reec_summer,NA,-1.52201093457809,NA
2,U2,PSi,0,1,1,sponge,-11.74725659,0,NA,0.78198267853339,NA,NA,reec_summer,NA,-0.245922688895202,NA
3,U3,NPSi,1,1,1,sponge,-19.63577741,0,NA,1.30709989149537,NA,NA,reec_summer,NA,0.267810859797635,NA
4,U4,PSi,0,1,1,sponge,-11.88982022,0,NA,0.791472748695282,NA,NA,reec_summer,NA,-0.233859830202901,NA
11,V3,NSi,1,0,1,sponge,-12.15051567,0,NA,0.808826530381297,NA,NA,reec_summer,NA,-0.212170809660915,NA
15,V7,N,1,0,0,sponge,-15.34071436,2.021342727,NA,1.0211893146235,NA,NA,reec_summer,NA,0.0209679427811883,NA
17,W1,NPSi,1,1,1,sponge,-20.32040501,0,NA,1.35267367464586,NA,NA,reec_summer,NA,0.302083133583992,NA
18,W2,C,0,0,0,sponge,-15.85099496,2.7864312,NA,1.05515729577165,NA,NA,reec_summer,NA,0.0536898513325472,NA
19,W3,NSi,1,0,1,sponge,-14.96546852,2.303834594,NA,0.996210227393759,NA,NA,reec_summer,NA,-0.0037969719895514,NA
20,W4,NPSi,1,1,1,sponge,-24.19673353,9.876969488,NA,1.61071024137288,NA,NA,reec_summer,NA,0.476675225430958,NA
21,W5,NSi,1,0,1,sponge,-13.50608757,0,NA,0.899063236899563,NA,NA,reec_summer,NA,-0.106401905605531,NA
22,W6,C,0,0,0,sponge,-17.42373299,1.906147303,NA,1.15985015643306,NA,NA,reec_summer,NA,0.14829082128566,NA
24,W8,NSi,1,0,1,sponge,-13.43792546,0,NA,0.8945258720311,NA,NA,reec_summer,NA,-0.111461452995964,NA
25,X1,NPSi,1,1,1,sponge,-9.209080889,0.102275832,NA,0.613023277838428,NA,NA,reec_summer,NA,-0.489352370131624,NA
26,X2,P,0,1,0,sponge,-9.792369795,0.027861397,NA,0.651851221842049,NA,NA,reec_summer,NA,-0.427938930453001,NA
27,X3,C,0,0,0,sponge,-12.90324396,2.261797775,NA,0.858933589839173,NA,NA,reec_summer,NA,-0.1520636710003,NA
29,X5,Si,0,0,1,sponge,-11.35507005,1.085760288,NA,0.755875895329641,NA,NA,reec_summer,NA,-0.279878075895146,NA
30,X6,P,0,1,0,sponge,-10.08401425,1.268030397,NA,0.671265193976994,NA,NA,reec_summer,NA,-0.398590998067761,NA
34,Y2,N,1,0,0,sponge,-14.04043125,1.213284058,NA,0.934633031339866,NA,NA,reec_summer,NA,-0.067601306584236,NA
35,Y3,NP,1,1,0,sponge,-19.43104941,8.176407781,NA,1.29347170958036,NA,NA,reec_summer,NA,0.25732985118742,NA
36,Y4,C,0,0,0,sponge,-12.83749752,0.740688927,NA,0.854557029502609,NA,NA,reec_summer,NA,-0.157172038451519,NA
38,Y6,PSi,0,1,1,sponge,-11.41930499,0.402967894,NA,0.760151839253382,NA,NA,reec_summer,NA,-0.274237077165531,NA
46,Z6,N,1,0,0,sponge,-14.58734772,1.615599771,NA,0.97103976195548,NA,NA,reec_summer,NA,-0.0293878620385091,NA
47,Z7,NSi,1,0,1,sponge,-16.79951153,3.502319427,NA,1.11829744448291,NA,NA,reec_summer,NA,0.111807389869126,NA
52,AA4,NSi,1,0,1,glass,-9.983940171,8.625537122,1.319986482,NA,25.1313743099511,1.49476528915365,reec_summer,0.401969197295659,NA,3.2241170380805
53,AA5,NSi,1,0,1,glass,NA,NA,NA,NA,NA,NA,reec_summer,NA,NA,NA
56,AA8,N,1,0,0,glass,-4.849370217,6.009450688,0.119219385,NA,2.26983157046995,1.04140973115656,reec_summer,0.0405753060054423,NA,0.819705630709643
58,BB2,Si,0,0,1,glass,-3.440042978,5.537579735,0.777124885,NA,14.795769984645,0.959636699340923,reec_summer,-0.0412005043325952,NA,2.69434132806976
59,BB3,PSi,0,1,1,glass,-6.409696803,3.590244765,0.351491569,NA,6.69208837195576,0.622172645990917,reec_summer,-0.474537658855451,NA,1.90092598864942
61,BB5,P,0,1,0,glass,-4.818211622,3.227011604,0.376337468,NA,7.16513229804973,0.559226036028792,reec_summer,-0.581201529724376,NA,1.96922652559672
65,CC1,Si,0,0,1,glass,-5.780233255,1.96046154,0.720711926,NA,13.7217171758519,0.339738826610399,reec_summer,-1.07957811358395,NA,2.61897977305585
66,CC2,PSi,0,1,1,glass,-5.27390608,3.935954075,0.272681455,NA,5.19161355546903,0.682082454437192,reec_summer,-0.382604727512304,NA,1.64704454586686
67,CC3,NP,1,1,0,glass,-9.932116096,5.50028263,0.052523445,NA,0.999999904804425,0.953173285277384,reec_summer,-0.0479585605063767,NA,-9.51955790654004e-08
68,CC4,NPSi,1,1,1,glass,NA,NA,NA,NA,NA,NA,reec_summer,NA,NA,NA
70,CC6,NPSi,1,1,1,glass,-8.505001116,5.084551647,0.195625564,NA,3.72453759225641,0.881129048005579,reec_summer,-0.126551184765493,NA,1.31494270781897
71,CC7,NPSi,1,1,1,glass,-8.148449764,6.120302628,0.052523445,NA,0.999999904804425,1.06061985451511,reec_summer,0.0588535056240316,NA,-9.51955790654004e-08
73,DD1,NP,1,1,0,glass,-8.495488989,6.953573752,0.10832214,NA,2.0623576707166,1.20502184768866,reec_summer,0.186497697640212,NA,0.723849828708124
75,DD3,PSi,0,1,1,glass,-8.810616561,6.802602883,0.114422716,NA,2.17850723819551,1.17885930134949,reec_summer,0.164547277156184,NA,0.778639889129175
77,DD5,PSi,0,1,1,glass,-13.61976402,9.573009045,0.148212241,NA,2.82182988741219,1.6589577473063,reec_summer,0.506189542111397,NA,1.03738557075334
80,DD8,NPSi,1,1,1,glass,-7.609455252,7.015238676,0.115538429,NA,2.19974942620867,1.21570809095093,reec_summer,0.195326697941962,NA,0.788343456699619
5,U5,N,1,0,0,glass,-4.397220487,7.196642916,0.127385598,NA,2.42530903815343,1.24714459831529,reec_summer,0.220856616924323,NA,0.885958954683649
6,U6,N,1,0,0,glass,-5.352984144,7.548134141,0.304954238,NA,5.80605877945946,1.30805638562092,reec_summer,0.26854236037875,NA,1.75890198946774
7,U7,N,1,0,0,glass,-4.540585035,6.690515648,0.240829865,NA,4.58518747340474,1.1594351071381,reec_summer,0.147932909901575,NA,1.52283099329231
8,U8,P,0,1,0,glass,NA,NA,NA,NA,NA,NA,reec_summer,NA,NA,NA
9,V1,C,0,0,0,glass,-2.485693172,3.211493819,0.052523445,NA,0.999999904804425,0.556536876379431,reec_summer,-0.586021845629195,NA,-9.51955790654004e-08
10,V2,P,0,1,0,glass,-1.385485007,4.824104554,0.377921422,NA,7.19528938026729,0.835994783464021,reec_summer,-0.179132905792476,NA,1.97342655916464
12,V4,Si,0,0,1,glass,-1.577717698,4.736254885,1.298503,NA,24.7223478274942,0.820770846214953,reec_summer,-0.197511323940403,NA,3.20770760491986
13,V5,NPSi,1,1,1,glass,-5.305195961,6.03989596,0.052523445,NA,0.999999904804425,1.04668575456945,reec_summer,0.0456287479355572,NA,-9.51955790654004e-08
14,V6,C,0,0,0,glass,-4.970678681,7.260782223,0.052523445,NA,0.999999904804425,1.25825964059242,reec_summer,0.229729528550341,NA,-9.51955790654004e-08
16,V8,C,0,0,0,glass,-2.106357596,6.930735517,0.052523445,NA,0.999999904804425,1.20106408825169,reec_summer,0.183207904081856,NA,-9.51955790654004e-08
23,W7,Si,0,0,1,glass,-7.313391943,6.256694038,1.249257,NA,23.7847475746548,1.08425584871734,reec_summer,0.0808938979704265,NA,3.16904451703225
28,X4,NP,1,1,0,glass,-5.928639496,7.038159679,0.151284,NA,2.88031345998787,1.21968019369565,reec_summer,0.198588688066399,NA,1.05789912849875
31,X7,C,0,0,0,glass,-5.511265235,5.678972129,0.052523445,NA,0.999999904804425,0.98413934070832,reec_summer,-0.0159877855442303,NA,-9.51955790654004e-08
32,X8,NSi,1,0,1,glass,-5.56043458,3.925851717,0.594784,NA,11.324160922407,0.680331762988831,reec_summer,-0.385174713041746,NA,2.42693857788756
33,Y1,N,1,0,0,glass,-2.708612615,4.703042747,0.308333,NA,5.87038741742974,0.815015337849641,reec_summer,-0.204548346470946,NA,1.76992063122427
37,Y5,P,0,1,0,glass,-3.495322122,3.739141658,0.223037,NA,4.24642707209827,0.64797578197784,reec_summer,-0.433901956819256,NA,1.44607794044116
39,Y7,Si,0,0,1,glass,-7.858529686,5.796021911,0.67854111,NA,12.9188221641952,1.00442352113233,reec_summer,0.00441376611981126,NA,2.55868533043681
40,Y8,NP,1,1,0,glass,-3.654836623,6.289835898,0.210835555,NA,4.01412235867979,1.08999917823355,reec_summer,0.0861769423265959,NA,1.38981873288907
41,Z1,NP,1,1,0,glass,-2.970561577,5.014758521,0.227138856,NA,4.32452277982501,0.869034225307495,reec_summer,-0.140372769788625,NA,1.46430179437109
42,Z2,P,0,1,0,glass,-2.572606183,5.206348433,0.241109913,NA,4.59051933945695,0.902235862047214,reec_summer,-0.102879305244283,NA,1.52399316352313
43,Z3,Si,0,0,1,glass,-3.567494668,4.775292361,0.052523445,NA,0.999999904804425,0.827535858442671,reec_summer,-0.189302839204323,NA,-9.51955790654004e-08
44,Z4,NSi,1,0,1,glass,-4.379791855,5.676735996,0.052523445,NA,0.999999904804425,0.983751829305488,reec_summer,-0.0163816197295208,NA,-9.51955790654004e-08
45,Z5,PSi,0,1,1,glass,-4.930199279,4.934519925,0.052523445,NA,0.999999904804425,0.855129251454294,reec_summer,-0.156502650179033,NA,-9.51955790654004e-08
48,Z8,NSi,1,0,1,glass,-2.77158388,2.911980862,0.052523445,NA,0.999999904804425,0.504632680102369,reec_summer,-0.68392448049979,NA,-9.51955790654004e-08
