site.date,nds.id,nutrient,N,P,Si,top,cr.area,gpp.area,chla_mgL,chla_ug_cm2,Notes,cr.nrr,chla.nrr,gpp.nrr,cr.es,gpp.es,chla.es
satus_summer,AA1,N,1,0,0,sponge,-25.65282908,0,NA,NA,sponge very thin,1.01875085452452,NA,NA,0.0185772243696607,NA,NA
satus_summer,AA2,P,0,1,0,sponge,NA,NA,NA,NA,,NA,NA,NA,NA,NA,NA
satus_summer,AA4,NSi,1,0,1,sponge,-15.76524285,0,NA,NA,,0.626085122040041,NA,NA,-0.468268939426422,NA,NA
satus_summer,AA6,NP,1,1,0,sponge,-21.03966381,2.241895402,NA,NA,,0.835548212577346,NA,NA,-0.179667227551901,NA,NA
satus_summer,AA8,Si,0,0,1,sponge,-25.86593136,0.462339834,NA,NA,,1.02721378581269,NA,NA,0.0268500746313065,NA,NA
satus_summer,AB2,PSi,0,1,1,sponge,-21.27349119,0,NA,NA,,0.84483419980485,NA,NA,-0.168614884125999,NA,NA
satus_summer,AB4,PSi,0,1,1,sponge,-29.71769799,4.571200844,NA,NA,,1.18017900198843,NA,NA,0.165666123573172,NA,NA
satus_summer,AB5,NSi,1,0,1,sponge,-24.34198492,1.936760969,NA,NA,,0.966693297676353,NA,NA,-0.0338740027347922,NA,NA
satus_summer,AC1,NSi,1,0,1,sponge,-20.88709792,4.562303448,NA,NA,,0.829489363070959,NA,NA,-0.186944992735896,NA,NA
satus_summer,AC3,control,0,0,0,sponge,-13.9474048,0,NA,NA,,0.553893315785482,NA,NA,-0.590783181563317,NA,NA
satus_summer,AC4,NPSi,1,1,1,sponge,-27.70792384,3.920240131,NA,NA,,1.100364836996,NA,NA,0.0956417948103516,NA,NA
satus_summer,AC5,Si,0,0,1,sponge,-12.56426715,0,NA,NA,,0.498964767418818,NA,NA,-0.695219792098481,NA,NA
satus_summer,AC6,N,1,0,0,sponge,-22.93779953,0,NA,NA,,0.910928880367361,NA,NA,-0.0932904524234463,NA,NA
satus_summer,AC7,N,1,0,0,sponge,-25.49660418,2.09383801,NA,NA,,1.01254669474641,NA,NA,0.0124686372031984,NA,NA
satus_summer,AD1,NP,1,1,0,sponge,-27.8484959,4.935046442,NA,NA,,1.10594737550669,NA,NA,0.10070232105194,NA,NA
satus_summer,AD2,control,0,0,0,sponge,-31.31961369,8.205228089,NA,NA,sponge falling apart but all SA there,1.24379588350906,NA,NA,0.218167900073763,NA,NA
satus_summer,AD5,N,1,0,0,sponge,-31.33450327,16.22381326,NA,NA,sponge partly eaten and new SA measured,1.24438719343052,NA,NA,0.218643194627505,NA,NA
satus_summer,AD7,PSi,0,1,1,sponge,-25.10509621,3.015640682,NA,NA,,0.996998737920794,NA,NA,-0.00300577489793649,NA,NA
satus_summer,U4,Si,0,0,1,sponge,-20.95739789,0,NA,NA,,0.832281185925553,NA,NA,-0.183584931405019,NA,NA
satus_summer,U5,P,0,1,0,sponge,-15.92461141,0,NA,NA,,0.632414125994265,NA,NA,-0.458210836776959,NA,NA
satus_summer,U7,P,0,1,0,sponge,-20.86309305,0,NA,NA,,0.8285360576188,NA,NA,-0.188094921494902,NA,NA
satus_summer,V3,P,0,1,0,sponge,-19.67871337,0,NA,NA,,0.781500784927486,NA,NA,-0.246539124735331,NA,NA
satus_summer,W1,control,0,0,0,sponge,-12.85250881,0,NA,NA,sponge falling apart but all SA there,0.510411709060958,NA,NA,-0.672537606264543,NA,NA
satus_summer,W3,NP,1,1,0,sponge,-16.44648305,0,NA,NA,sponge falling apart but all SA there,0.6531392155173,NA,NA,-0.425964978680485,NA,NA
satus_summer,W5,PSi,0,1,1,sponge,-13.07904394,0,NA,NA,sponge falling apart but all SA there,0.519408099149069,NA,NA,-0.655065386596146,NA,NA
satus_summer,X1,Si,0,0,1,sponge,-41.8,NA,NA,NA,completely eaten,1.66000348680158,NA,NA,0.506819702849127,NA,NA
satus_summer,X2,NSi,1,0,1,sponge,-15.28653352,0,NA,NA,sponge very thin,0.607074137423667,NA,NA,-0.499104357944784,NA,NA
satus_summer,X3,NP,1,1,0,sponge,-21.00972644,0,NA,NA,sponge falling apart but all SA there,0.834359309740368,NA,NA,-0.181091142375886,NA,NA
satus_summer,X4,NPSi,1,1,1,sponge,-23.56801112,0,NA,NA,sponge falling apart but all SA there,0.935956474549724,NA,NA,-0.0661863051352157,NA,NA
satus_summer,X5,P,0,1,0,sponge,-19.74049993,8.024094297,NA,NA,,0.783954514713072,NA,NA,-0.24340427726239,NA,NA
satus_summer,X6,NP,1,1,0,sponge,-26.66422968,2.77861818,NA,NA,,1.05891660865259,NA,NA,0.0572463181481417,NA,NA
satus_summer,X8,control,0,0,0,sponge,-41.8,NA,NA,NA,eaten completely,1.66000348680158,NA,NA,0.506819702849127,NA,NA
satus_summer,Y4,NPSi,1,1,1,sponge,-33.50138135,6.518659141,NA,NA,,1.33044042712128,NA,NA,0.285510035627684,NA,NA
satus_summer,Y5,control,0,0,0,sponge,-25.98384585,2.664278984,NA,NA,,1.03189652419892,NA,NA,0.0313983947831651,NA,NA
satus_summer,Y6,NPSi,1,1,1,sponge,-34.44072099,5.80971074,NA,NA,,1.36774442419523,NA,NA,0.313162977327809,NA,NA
satus_summer,Z1,N,1,0,0,sponge,-23.94749001,0,NA,NA,,0.951026720496317,NA,NA,-0.0502131195693042,NA,NA
satus_summer,Z3,NSi,1,0,1,sponge,-20.6709906,0,NA,NA,,0.820907092623032,NA,NA,-0.197345339607949,NA,NA
satus_summer,Z4,NPSi,1,1,1,sponge,-38.16190478,10.63057751,NA,NA,,1.51552380377488,NA,NA,0.415761124271208,NA,NA
satus_summer,Z5,Si,0,0,1,sponge,-27.54725609,11.1514443,NA,NA,,1.09398423830661,NA,NA,0.0898262964980182,NA,NA
satus_summer,Z8,PSi,0,1,1,sponge,-34.03673287,27.5874883,NA,NA,,1.35170084314675,NA,NA,0.301363683275111,NA,NA
satus_summer,AA3,NP,1,1,0,glass,-19.28928,0,0.92256289,2.378058645,,NA,2.86021305415712,0,NA,-Inf,1.05089611651772
satus_summer,AA5,NPSi,1,1,1,glass,-15.48945614,0,0.640630752,1.651331865,,NA,1.98614149695145,0,NA,-Inf,0.686193810291186
satus_summer,AA7,NSi,1,0,1,glass,-15.79109786,2.86504814,0.216947125,0.559217146,,NA,0.672599132263069,1.0543598722601,NA,0.0529338266254583,-0.396605769800099
satus_summer,AB1,control,0,0,0,glass,NA,NA,0.209692789,0.540517893,respiration not measured so no GPP or CR,NA,0.650108581979106,NA,NA,NA,-0.430615880844994
satus_summer,AB3,control,0,0,0,glass,-11.21270112,0,0.345349676,0.890195986,,NA,1.07068435224207,0,NA,-Inf,0.0682980255633552
satus_summer,AB6,Si,0,0,1,glass,-13.43530094,2.620402615,0.449026697,1.15744068,,NA,1.39211324721073,0.964328427103299,NA,-0.0363233503780681,0.330822914357863
satus_summer,AB7,NPSi,1,1,1,glass,-15.2631002,0.118627903,0.240106263,0.61891366,,NA,0.744399190259735,0.0436559857083461,NA,-3.13141487646801,-0.295177841990378
satus_summer,AB8,NPSi,1,1,1,glass,-15.96609991,0,0.210213452,0.541859989,,NA,0.651722789646861,0,NA,-Inf,-0.428135976718838
satus_summer,AC2,N,1,0,0,glass,-11.67780165,3.477388378,0.712692624,1.837083276,,NA,2.20955424233826,1.27970581535389,NA,0.246630219761384,0.792790794885992
satus_summer,AC8,P,0,1,0,glass,-16.94122855,7.445582139,0.545495772,1.406105697,,NA,1.69119541208123,2.74003180727641,NA,1.00796952882764,0.525435623311583
satus_summer,AD3,NP,1,1,0,glass,-19.75105038,0,1.023224603,2.637530882,,NA,3.17229361660211,0,NA,-Inf,1.15445486462179
satus_summer,AD4,PSi,0,1,1,glass,-15.29484857,6.233253615,0.733358285,1.890352438,,NA,2.27362379455757,2.29388553494819,NA,0.830247119880817,0.821374943892483
satus_summer,AD6,NSi,1,0,1,glass,-14.25124159,2.382529984,0.301495734,0.777155188,,NA,0.934724388945224,0.876789459316414,NA,-0.131488384625687,-0.0675035643285923
satus_summer,AD8,N,1,0,0,glass,-15.82549997,2.415814664,0.345320882,0.890121767,,NA,1.0705950852456,0.889038478962212,NA,-0.117614760982872,0.068214648312392
satus_summer,U1,control,0,0,0,glass,-0.429806215,1.032141269,0.259372595,0.668575821,,NA,0.804130417447302,0.379835969016987,NA,-0.968015779935523,-0.217993812202561
satus_summer,U2,PSi,0,1,1,glass,-3.03090516,0,0.139363319,0.359232037,,NA,0.432066788537444,0,NA,-Inf,-0.839175099591919
satus_summer,U3,P,0,1,0,glass,-3.862404003,0,0.14664325,0.377997263,,NA,0.454636687930908,0,NA,-Inf,-0.788256667056521
satus_summer,U6,PSi,0,1,1,glass,-7.515814723,2.05141801,0.094771947,0.244290388,,NA,0.293820574287271,0.75493769224264,NA,-0.281120059969579,-1.22478598948704
satus_summer,U8,NSi,1,0,1,glass,-9.815696009,0,0.159425918,0.410946708,,NA,0.494266674733119,0,NA,-Inf,-0.704680080053629
satus_summer,V1,NSi,1,0,1,glass,-6.999972403,0,0.522649811,1.347216451,,NA,1.62036629669637,0,NA,-Inf,0.482652232757321
satus_summer,V2,P,0,1,0,glass,-5.747141066,0,0.426615837,1.099672977,,NA,1.32263306909289,0,NA,-Inf,0.279624499040431
satus_summer,V4,PSi,0,1,1,glass,-8.512106062,2.182550872,0.925259871,2.385010561,,NA,2.8685744799514,0.803195599569608,NA,-0.219157008683176,1.05381520949573
satus_summer,V5,N,1,0,0,glass,-5.6292793,4.762291839,1.323850053,3.41244277,,NA,4.10431987362452,1.75256022575361,NA,0.561077704958725,1.41204004674746
satus_summer,V6,NPSi,1,1,1,glass,-8.418046052,0,1.410092673,3.634747407,,NA,4.3716970579862,0,NA,-Inf,1.47515127651056
satus_summer,V7,Si,0,0,1,glass,-5.6292793,0.956770892,0.900900658,2.322220655,,NA,2.79305384079975,0.352099087407062,NA,-1.04384264468174,1.02713556382692
satus_summer,V8,Si,0,0,1,glass,-4.995547875,3.584521046,0.634772895,1.63623227,,NA,1.96798043989665,1.31913146568427,NA,0.276973539491863,0.677007859503766
satus_summer,W2,NP,1,1,0,glass,-11.6837047,0,1.332574452,3.434931354,,NA,4.13136804657919,0,NA,-Inf,1.41860859826813
satus_summer,W4,N,1,0,0,glass,-9.164577673,10.25279702,1.609458148,4.148644938,,NA,4.98978796577595,3.77310859297322,NA,1.32789922216704,1.60739341703216
satus_summer,W6,NP,1,1,0,glass,-12.56738701,0.613752306,1.787284563,4.607021974,,NA,5.54110152772264,0.22586559503796,NA,-1.48781516884272,1.71219331271367
satus_summer,W7,P,0,1,0,glass,-8.985788459,4.297112174,0.933963475,2.407445542,,NA,2.89555818182977,1.58137051158448,NA,0.45829188344939,1.06317790136191
satus_summer,W8,N,1,0,0,glass,-7.642689004,10.2822595,1.550498871,3.996667635,,NA,4.80699707166148,3.78395101346018,NA,1.33076870540292,1.5700725797295
satus_summer,X7,Si,0,0,1,glass,-13.26009178,10.04160407,1.121640431,2.891213978,,NA,3.47741128236017,3.69538795412062,NA,1.30708554323793,1.24628813258785
satus_summer,Y1,PSi,0,1,1,glass,-10.70820282,3.208269363,0.485994218,1.252730589,,NA,1.50672330622853,1.18066793661229,NA,0.166080326309362,0.409937297099001
satus_summer,Y2,control,0,0,0,glass,-9.988439262,5.033815192,0.364844404,0.940446879,,NA,1.13112367759001,1.85248291947306,NA,0.616526857888142,0.12321154357809
satus_summer,Y3,NP,1,1,0,glass,-13.45639093,1.078819401,0.708866302,1.827220297,,NA,2.19769153182522,0.397013882576534,NA,-0.923784030199703,0.787407505743906
satus_summer,Y7,NPSi,1,1,1,glass,-14.90373094,4.99135045,1.150517008,2.965648138,,NA,3.5669370627924,1.83685556601761,NA,0.608055178219517,1.27170726192403
satus_summer,Y8,NSi,1,0,1,glass,-12.71834461,4.713550441,0.936758034,2.41464898,,NA,2.90422212602885,1.73462301434987,NA,0.550790106994034,1.06616558371672
satus_summer,Z2,P,0,1,0,glass,-13.59399279,4.31503263,0.782679773,2.017486742,,NA,2.42653474008725,1.58796537797964,NA,0.462453560307447,0.886464206713977
satus_summer,Z6,Si,0,0,1,glass,-10.72091283,6.738302677,0.891010127,2.296726172,,NA,2.76239031900692,2.47974749554177,NA,0.908156738679456,1.01609636252876
satus_summer,Z7,control,0,0,0,glass,-11.45526937,4.803380401,0.43349266,1.117399126,,NA,1.34395321730552,1.76768113432643,NA,0.569668594061967,0.295615432942687
